Header zero,Header one,Header two,Header three,Header four,Header five,Header six,Header seven,Header eight,Header nine
ninth,one_one,one_two,one_three,one_four,one_five,one_six,one_seven,one_eight,one_nine,one_ten
ninth,two_one,two_two,two_three,two_four,two_five,two_six,two_seven,two_eight,two_nine,two_ten
ninth,three_one,three_two,three_three,three_four,three_five,three_six,three_seven,three_eight,three_nine,three_ten
ninth,four_one,four_two,four_three,four_four,four_five,four_six,four_seven,four_eight,four_nine,four_ten
ninth,five_one,five_two,five_three,five_four,five_five,five_six,five_seven,five_eight,five_nine,five_ten
ninth,six_one,six_two,six_three,six_four,six_five,six_six,six_seven,six_eight,six_nine,six_ten
ninth,seven_one,seven_two,seven_three,seven_four,seven_five,seven_six,seven_seven,seven_eight,seven_nine,seven_ten
ninth,eight_one,eight_two,eight_three,eight_four,eight_five,eight_six,eight_seven,eight_eight,eight_nine,eight_ten
ninth,nine_one,nine_two,nine_three,nine_four,nine_five,nine_six,nine_seven,nine_eight,nine_nine,nine_ten
ninth,ten_one,ten_two,ten_three,ten_four,ten_five,ten_six,ten_seven,ten_eight,ten_nine,ten_ten
